61216.973861,0.01171875
61217.488861,0.02734375
61217.550861,0.01171875
61217.612861,0
61217.664861,0.01171875
61217.725861,0
61217.787861,0.0078125
61217.839861,0.00390625
61217.890861,0.00390625
61217.951861,0.00390625
61218.012861,0
61218.075861,-0.00390625
61218.126861,0.0078125
61218.178861,0.00390625
61218.228861,0.00390625
61218.280861,0.0078125
61218.331861,-0.0078125
61218.383861,0
61218.434861,-0.00390625
61218.485861,0.00390625
61218.546861,0.00390625
61218.598861,0.00390625
61218.670861,0.01171875
61218.731861,0.0078125
61218.783861,0.01171875
61218.836861,0.015625
61218.887861,0.01953125
61218.969861,0.015625
61219.032861,0.0234375
61219.084861,0.02734375
61219.137861,0.02734375
61219.188861,0.03125
61219.269861,0.03515625
61219.320861,0.03125
61219.371861,0.03515625
61219.433861,0.0234375
61219.484861,0.03125
61219.535861,0.0234375
61219.587861,0.0234375
61219.638861,0.0234375
61219.689861,0.0234375
61219.750861,0.015625
61219.802861,0.0078125
61219.873861,0.0078125
61219.924861,0.01171875
61219.986861,0.00390625
61220.050861,-0.0078125
61220.111861,-0.015625
61220.173861,-0.0078125
61220.224861,-0.01953125
61220.285861,-0.0078125
61220.347861,-0.015625
61220.399861,-0.01953125
61220.472861,-0.0234375
61220.535861,-0.01953125
61220.586861,-0.0078125
61220.639861,-0.0078125
61220.690861,-0.00390625
61220.772861,0.0078125
61220.824861,0
61220.895861,0.0078125
61220.967861,0.01171875
61221.018861,0.01171875
61221.131861,0.015625
61221.203861,0.01171875
61221.287861,0.0078125
61221.359861,-0.00390625
61221.433861,-0.0078125
61221.505861,0
61221.566861,0
61221.640861,0.00390625
61221.691861,0.01171875
61221.773861,0.01171875
61221.836861,0.0234375
61221.928861,0.0234375
61221.980861,0.02734375
61222.042861,0.015625
61222.114861,0.0234375
61222.186861,0.0234375
61223.623861,0.0078125
61223.675861,0.02734375
61223.726861,0.03515625
61223.829861,0.02734375
61223.900861,0.03515625
61223.972861,0.02734375
61224.034861,0.015625
61224.107861,0.01953125
61224.188861,0.01953125
61224.261861,0.015625
61224.312861,0.01171875
61224.437861,0.0078125
61224.489861,0.01171875
61224.551861,0.0078125
61224.602861,0.00390625
61224.674861,0.01171875
61224.726861,0.01171875
61224.808861,0.00390625
61224.890861,0.015625
61224.984861,0.0078125
61225.036861,0.01171875
61225.087861,0.01171875
61225.138861,0.015625
61225.200861,0.01171875
61225.271861,0.015625
61225.343861,0.0078125
61225.470861,0.0078125
61225.529861,0.0078125
61225.611861,0.01953125
61225.662861,0.015625
61225.733861,0.0078125
61225.795861,0.015625
61225.867861,0.015625
61225.949861,0.01171875
61226.021861,0.0703125
61226.092861,0.09765625
61226.174861,0.00390625
61226.235861,-0.04296875
61226.318861,-0.1171875
61226.390861,-0.125
61226.472861,-0.015625
61226.523861,0.0234375
61226.595861,0.05859375
61226.667861,0.05859375
61226.729861,0.015625
61226.811861,-0.02734375
61226.882861,-0.11328125
61226.964861,-0.18359375
61227.026861,-0.15234375
61227.128861,-0.1171875
61227.201861,-0.15234375
61227.272861,-0.19921875
61227.324861,-0.30078125
61227.436861,-0.44140625
61227.508861,-0.48828125
61227.570861,-0.46875
61227.631861,-0.390625
61227.734861,-0.28125
61227.815861,-0.15625
61227.877861,-0.11328125
61227.928861,-0.109375
61228.030861,-0.13671875
61228.112861,-0.140625
61228.183861,-0.1171875
61228.265861,-0.1171875
61228.337861,-0.08203125
61228.398861,-0.05078125
61228.450861,-0.046875
61228.502861,-0.0625
61228.624861,-0.05859375
61228.676861,-0.04296875
61228.727861,-0.046875
61228.808861,-0.0546875
61228.912861,-0.0546875
61229.003861,-0.05078125
61229.075861,-0.05078125
61229.156861,-0.046875
61229.218861,-0.0234375
61229.280861,-0.00390625
61229.352861,0.01171875
61229.454861,-0.01171875
61229.526861,-0.04296875
61229.598861,-0.0859375
61229.722861,-0.11328125
61229.814861,-0.08984375
61229.885861,-0.06640625
61229.958861,-0.046875
61230.010861,-0.02734375
61230.071861,-0.01953125
61230.122861,-0.0390625
61230.184861,-0.04296875
61230.255861,-0.07421875
61230.306861,-0.1015625
61230.377861,-0.09375
61230.429861,-0.078125
61230.503861,-0.04296875
61230.554861,0.02734375
61230.605861,0.08984375
61230.697861,0.13671875
61230.769861,0.13671875
61230.830861,0.09375
61230.891861,0.05078125
61230.963861,0.015625
61231.035861,0.0078125
61231.106861,0.02734375
61231.178861,0.0390625
61231.259861,0.04296875
61231.337861,0.0390625
61231.408861,0.04296875
61231.469861,0.0078125
61231.521861,0
61231.633861,0.00390625
61231.704861,-0.015625
61231.777861,-0.05859375
61231.868861,-0.09375
61231.939861,-0.125
61231.991861,-0.1015625
61232.072861,-0.0703125
61232.123861,-0.0625
61232.235861,-0.07421875
61232.297861,-0.0703125
61232.388861,-0.0703125
61232.470861,-0.06640625
61232.521861,-0.07421875
61232.572861,-0.0546875
61232.654861,-0.0390625
61232.705861,-0.01953125
61232.807861,0.078125
61232.859861,0.109375
61232.930861,0.1328125
61233.001861,0.15234375
61233.073861,0.140625
61233.134861,0.0859375
61233.185861,0.04296875
61233.266861,0.01171875
61233.318861,-0.01171875
61233.400861,0.0390625
61233.472861,0.06640625
61233.554861,0.08203125
61233.615861,0.078125
61233.727861,0.05078125
61233.808861,0.0078125
61233.879861,-0.015625
61233.962861,0
61234.034861,0.0546875
61234.106861,0.05859375
61234.167861,0.046875
61234.218861,0.01953125
61234.289861,-0.01171875
61234.391861,-0.00390625
61234.472861,0.03515625
61234.524861,0.09375
61234.646861,0.08984375
61234.717861,0.08984375
61234.790861,0.09375
61234.912861,0.06640625
61235.014861,0.07421875
61235.075861,0.05078125
61235.157861,-0.00390625
61235.231861,-0.10546875
61235.302861,-0.10546875
61235.383861,-0.08203125
61235.455861,-0.05859375
61235.539861,-0.04296875
61235.611861,-0.0390625
61235.673861,-0.0390625
61235.754861,-0.03125
61235.815861,-0.0390625
61235.887861,-0.02734375
61235.959861,-0.01171875
61236.010861,0.01953125
61236.070861,0.046875
61236.121861,0.04296875
61236.173861,0.05078125
61236.254861,0.05859375
61236.326861,0.05078125
61236.448861,0.03515625
61236.511861,0.01953125
61236.593861,0.015625
61236.675861,0.01171875
61236.727861,0.01953125
61236.778861,0.02734375
61236.840861,0.03515625
61236.901861,0.03515625
61236.982861,0.05078125
61237.043861,0.046875
61237.135861,0.0703125
61237.196861,0.07421875
61237.280861,0.0703125
61237.331861,0.0546875
61237.402861,0.0703125
61237.484861,0.05859375
61237.556861,0.04296875
61237.627861,0.0390625
61237.688861,0.03515625
61237.750861,0.04296875
61237.831861,0.0390625
61237.945861,0.0390625
61238.026861,0.03125
61238.088861,0.03125
61238.170861,0.0234375
61238.231861,0.01953125
61238.282861,0.03515625
61238.343861,0.02734375
61238.425861,0.046875
61238.527861,0.05859375
61238.578861,0.06640625
61238.659861,0.06640625
61238.712861,0.05078125
61238.794861,0.046875
61238.885861,0.0390625
61238.947861,0.03125
61239.049861,0.03515625
61239.121861,0.03125
61239.182861,0.03125
61239.254861,0.02734375
61239.305861,0.03125
61239.397861,0.03515625
61239.510861,0.03515625
61239.561861,0.02734375
61239.612861,0.015625
61239.674861,0.0234375
61239.725861,0.03515625
61239.786861,0.02734375
61239.878861,0.03125
61239.939861,0.0234375
61240.000861,0.0234375
61240.072861,0.0234375
61240.153861,0.01953125
61240.225861,0.015625
61240.347861,0.0234375
61240.420861,0.015625
61240.481861,0.0234375
61240.552861,0.01953125
61240.623861,0.015625
61240.694861,0.04296875
61240.766861,0.04296875
61240.867861,0.19140625
61240.949861,0.21875
61241.010861,0.19921875
61241.062861,0.16796875
61241.133861,0.10546875
61241.184861,-0.015625
61241.306861,-0.1015625
61241.367861,-0.03125
61241.438861,0.03515625
61241.489861,0.1171875
61241.571861,0.18359375
61241.673861,0.1640625
61241.747861,0.12890625
61241.798861,0.09765625
61241.879861,0.0390625
61241.961861,0.0234375
61242.032861,0.01953125
61242.084861,0.046875
61242.145861,0.05078125
61242.206861,0.05078125
61242.317861,0.0546875
61242.378861,0.05078125
61242.450861,0.04296875
61242.501861,0.0390625
61242.574861,0.04296875
61242.655861,0.0390625
61242.737861,0.0390625
61242.838861,0.04296875
61242.910861,0.0390625
61242.972861,0.0234375
61243.063861,0.015625
61243.125861,0.0234375
61243.196861,0.046875
61243.267861,0.0546875
61243.348861,0.04296875
61243.400861,0.03125
61243.481861,0.01171875
61243.553861,-0.015625
61243.635861,-0.015625
61243.706861,0.00390625
61243.778861,0.0234375
61243.840861,0.0390625
61243.892861,0.01953125
61243.973861,0.0078125
61244.045861,0
61244.128861,-0.01171875
61244.200861,0.0078125
61244.282861,0.015625
61244.387861,0.00390625
61244.449861,0.0078125
61244.500861,0.01171875
61244.552861,0.015625
61244.603861,0.0078125
61244.664861,0.00390625
61244.736861,-0.00390625
61244.797861,-0.00390625
61244.848861,-0.00390625
61244.909861,0.00390625
61244.981861,0.0078125
61245.032861,-0.0078125
61245.083861,0.00390625
61245.144861,0.01171875
61245.207861,0.01953125
61245.278861,0.01171875
61245.351861,0.015625
61245.402861,0.03515625
61245.484861,0.03515625
61245.547861,0.01953125
61245.628861,0.01171875
61245.709861,0.01171875
61245.811861,0.0078125
61245.883861,0.01953125
61245.955861,0.01953125
61246.036861,0.01953125
61246.107861,0.0234375
61246.179861,0.02734375
61246.260861,0.01953125
61246.321861,-0.0078125
61246.403861,-0.01953125
61246.475861,-0.03125
61246.546861,-0.01171875
61246.597861,-0.015625
61246.658861,-0.01171875
61246.711861,0
61246.782861,0.01953125
61246.854861,0
61246.935861,0.0078125
61247.017861,0.0078125
61247.078861,0.00390625
61247.140861,0.00390625
61247.221861,0.00390625
61247.293861,0.0078125
61247.364861,0.0078125
61247.416861,0.00390625
61247.507861,0.01953125
61247.558861,0.015625
61247.621861,0.015625
61247.683861,0.02734375
61247.774861,0.015625
61247.855861,0.015625
61247.926861,0
61247.977861,0.01171875
61248.051861,0.03125
61248.102861,0.03125
61248.225861,0.03125
61248.297861,0.01953125
61248.369861,0.0078125
61248.470861,-0.0234375
61248.521861,-0.02734375
61248.573861,-0.015625
61248.644861,-0.01171875
61248.695861,0.0234375
61248.807861,0.04296875
61248.889861,0.03515625
61248.950861,0.015625
61249.031861,0.01171875
61249.082861,0.01171875
61249.153861,0.01953125
61249.235861,0.06640625
61249.286861,0.11328125
61249.347861,0.11328125
61249.459861,0.08203125
61249.530861,0.00390625
61249.581861,-0.0390625
61249.652861,-0.05859375
61249.703861,-0.046875
61249.754861,-0.01953125
61249.835861,-0.00390625
61249.886861,0.01171875
61249.979861,-0.046875
61250.061861,-0.17578125
61250.133861,-0.2265625
61250.194861,-0.23828125
61250.247861,-0.2578125
61250.308861,-0.26171875
61250.379861,-0.24609375
61250.430861,-0.234375
61250.482861,-0.20703125
61250.603861,-0.1640625
61250.685861,-0.125
61250.738861,-0.08984375
61250.789861,-0.0703125
61250.850861,-0.0546875
61250.901861,-0.046875
61250.952861,-0.0390625
61251.002861,-0.01953125
61251.054861,-0.01953125
61251.105861,-0.015625
61251.157861,0
61251.208861,-0.00390625
61251.259861,0
61251.310861,-0.00390625
61251.362861,0.00390625
61251.413861,-0.00390625
61251.464861,0.0078125
61251.515861,0
61251.566861,0.0078125
61251.618861,0.0078125
61251.668861,0.03515625
61251.750861,0.06640625
61251.811861,0.08203125
61251.862861,0.09765625
61251.913861,0.0859375
61251.965861,0.078125
61252.046861,0.06640625
61252.097861,0.0546875
61252.148861,0.05078125
61252.199861,0.0390625
61252.260861,0.04296875
61252.333861,0.03515625
61252.384861,0.05078125
61252.435861,0.046875
61252.486861,0.046875
61252.537861,0.046875
61252.588861,0.05078125
61252.649861,0.046875
61252.700861,0.04296875
61252.751861,0.0390625
61252.802861,0.03125
61252.854861,0.0390625
61252.905861,0.04296875
61252.956861,0.0390625
61253.007861,0.03125
61253.058861,0.03515625
61253.109861,0.03125
61253.160861,0.02734375
61253.211861,0.02734375
61253.272861,0.03125
61253.323861,0.0234375
61253.384861,0.03125
61253.435861,0.02734375
61253.497861,0.04296875
61253.548861,0.04296875
61253.599861,0.04296875
61253.650861,0.0390625
61253.701861,0.0234375
61253.752861,0.03515625
61253.803861,0.0390625
61253.854861,0.04296875
61253.905861,0.0390625
61253.956861,0.04296875
61254.018861,0.0390625
61254.069861,0.04296875
61254.151861,0.03515625
61254.202861,0.03125
61254.253861,0.03515625
61254.314861,0.03515625
61254.366861,0.04296875
61254.447861,0.0390625
61254.498861,0.046875
61254.550861,0.046875
61254.601861,0.03515625
61254.652861,0.0390625
61254.703861,0.0390625
61254.794861,0.046875
61254.845861,0.04296875
61254.906861,0.05078125
61254.957861,0.08984375
61255.049861,0.140625
61255.100861,0.15625
61255.161861,0.1484375
61255.212861,0.09765625
61255.263861,0.04296875
61255.315861,-0.03125
61255.365861,-0.08203125
61255.437861,-0.07421875
61255.498861,-0.01953125
61255.549861,0.01953125
61255.600861,0.0703125
61255.661861,0.109375
61255.712861,0.12890625
61255.763861,0.125
61255.814861,0.09375
61255.864861,0.08203125
61255.915861,0.06640625
61255.967861,0.0546875
61256.018861,0.03125
61256.069861,0.02734375
61256.119861,0.02734375
61256.171861,0.04296875
61256.222861,0.046875
61256.273861,0.0546875
61256.324861,0.05078125
61256.375861,0.04296875
61256.426861,0.03125
61256.477861,0.0078125
61256.548861,0.00390625
61256.599861,0.015625
61256.650861,0.0234375
61256.702861,0.01953125
61256.753861,0.02734375
61256.804861,0.03515625
61256.855861,0.04296875
61256.906861,0.0390625
61256.957861,0.04296875
61257.009861,0.02734375
61257.060861,0.0234375
61257.111861,0.01953125
61257.162861,0.02734375
61257.213861,0.015625
61257.263861,0.01953125
61257.325861,0.01953125
61257.375861,0.03515625
61257.448861,0.0390625
61257.509861,0.0390625
61257.561861,0.046875
61257.612861,0.046875
61257.663861,0.0390625
61257.714861,0.0078125
61257.765861,0.01171875
61257.816861,0
61257.867861,0.0078125
61257.918861,0.0078125
61257.969861,0.01953125
61258.020861,0.01953125
61258.071861,0.046875
61258.123861,0.05078125
61258.174861,0.07421875
61258.225861,0.05078125
61258.276861,0.03125
61258.327861,0.02734375
61258.378861,0.00390625
61258.430861,0.01953125
61258.480861,0.015625
61258.531861,0.01953125
61258.582861,0.046875
61258.633861,0.0390625
61258.714861,0.03515625
61258.775861,0.0390625
61258.826861,0.03125
61258.877861,0.03125
61258.928861,0.0234375
61258.980861,0.01953125
61259.030861,0.0078125
61259.081861,0.015625
61259.132861,0.0078125
61259.183861,0.02734375
61259.234861,0.015625
61259.316861,0.01953125
61259.367861,0.01171875
61259.418861,0
61259.469861,0.0078125
61259.520861,0
61259.570861,0.0078125
61259.622861,0.01171875
61259.672861,0.0234375
61259.724861,0.0234375
61259.775861,0.03125
61259.826861,0.03515625
61259.877861,0.03515625
61259.929861,0.04296875
61259.979861,0.0390625
61260.041861,0.0234375
61260.092861,0.01953125
61260.143861,0.01171875
61260.215861,0.00390625
61260.266861,0.01171875
61260.317861,0
61260.368861,0.01171875
61260.419861,0.0234375
61260.480861,0.03125
61260.531861,0.0234375
61260.592861,0.02734375
61260.644861,0.0234375
61260.695861,0.0234375
61260.755861,0.0390625
61260.816861,0.03515625
61260.888861,0.03515625
61260.938861,0.0078125
61260.991861,-0.0390625
61261.053861,-0.1171875
61261.114861,-0.16796875
61261.165861,-0.1796875
61261.217861,-0.19140625
61261.267861,-0.18359375
61261.318861,-0.1875
61261.370861,-0.171875
61261.420861,-0.17578125
61261.472861,-0.1640625
61261.533861,-0.15625
61261.583861,-0.125
61261.634861,-0.11328125
61261.716861,-0.12109375
61261.768861,-0.140625
61261.820861,-0.16015625
61261.871861,-0.15234375
61261.922861,-0.15625
61261.973861,-0.1484375
61262.024861,-0.14453125
61262.076861,-0.125
61262.127861,-0.12109375
61262.178861,-0.14453125
61262.229861,-0.140625
61262.311861,-0.13671875
61262.362861,-0.12109375
61262.413861,-0.11328125
61262.464861,-0.10546875
61262.515861,-0.11328125
61262.566861,-0.1015625
61262.627861,-0.1015625
61262.678861,-0.1015625
61262.729861,-0.09375
61262.790861,-0.09375
61262.851861,-0.08984375
61262.922861,-0.0703125
61262.973861,-0.0546875
61263.025861,-0.05859375
61263.077861,-0.05859375
61263.129861,-0.04296875
61263.211861,-0.0703125
61263.262861,-0.12109375
61263.313861,-0.19921875
61263.364861,-0.265625
61263.415861,-0.30859375
61263.467861,-0.296875
61263.517861,-0.30078125
61263.568861,-0.265625
61263.619861,-0.23828125
61263.670861,-0.1796875
61263.721861,-0.140625
61263.772861,-0.1015625
61263.823861,-0.0859375
61263.874861,-0.0546875
61263.926861,-0.04296875
61263.977861,-0.01953125
61264.028861,0.01171875
61264.109861,0.02734375
61264.160861,0.05078125
61264.211861,0.0703125
61264.263861,0.10546875
61264.314861,0.109375
61264.365861,0.12109375
61264.416861,0.12109375
61264.467861,0.125
61264.519861,0.11328125
61264.569861,0.11328125
61264.621861,0.09765625
61264.671861,0.09375
61264.723861,0.09765625
61264.773861,0.125
61264.824861,0.13671875
61264.875861,0.15234375
61264.927861,0.17578125
61264.997861,0.18359375
61265.050861,0.19921875
61265.111861,0.17578125
61265.162861,0.171875
61265.213861,0.13671875
61265.264861,0.12109375
61265.315861,0.1015625
61265.365861,0.09765625
61265.416861,0.08203125
61265.467861,0.08203125
61265.518861,0.078125
61265.569861,0.0859375
61265.620861,0.08203125
61265.671861,0.08203125
61265.722861,0.0546875
61265.773861,0.0546875
61265.824861,0.04296875
61265.874861,0.04296875
61265.926861,0.03515625
61265.977861,0.02734375
61266.027861,0.01953125
61266.078861,0.01953125
61266.129861,0.01953125
61266.190861,0.02734375
61266.242861,0.03125
61266.293861,0.0234375
61266.344861,0.0234375
61266.395861,0.01953125
61266.446861,0.01171875
61266.507861,-0.00390625
61266.558861,-0.00390625
61266.609861,-0.01953125
61266.660861,-0.01953125
61266.711861,-0.02734375
61266.772861,-0.015625
61266.823861,-0.01171875
61266.874861,-0.00390625
61266.925861,-0.01171875
61266.976861,0
61267.026861,-0.0078125
61267.077861,-0.01953125
61267.128861,-0.0234375
61267.179861,-0.046875
61267.230861,-0.05859375
61267.281861,-0.06640625
61267.341861,-0.0703125
61267.413861,-0.06640625
61267.474861,-0.05859375
61267.525861,-0.0703125
61267.576861,-0.0625
61267.628861,-0.0625
61267.729861,-0.0625
61267.791861,-0.046875
61267.844861,-0.05078125
61267.895861,-0.046875
61267.947861,-0.04296875
61268.018861,-0.03125
61268.069861,-0.01171875
61268.130861,-0.01171875
61268.181861,0.015625
61268.232861,0.01171875
61268.313861,0.015625
61268.365861,0.0234375
61268.426861,0.0234375
61268.478861,0.0234375
61268.529861,0.01953125
61268.630861,0.02734375
61268.681861,0.02734375
61268.732861,0.0234375
61268.784861,0.03515625
61268.835861,0.0390625
61268.916861,0.10546875
61268.969861,0.140625
61269.021861,0.17578125
61269.072861,0.1875
61269.122861,0.1796875
61269.173861,0.1484375
61269.234861,0.05859375
61269.285861,-0.0078125
61269.336861,-0.078125
61269.387861,-0.09375
61269.438861,-0.09375
61269.509861,-0.0546875
61269.560861,-0.015625
61269.611861,0.03515625
61269.662861,0.08203125
61269.713861,0.1015625
61269.764861,0.125
61269.815861,0.109375
61269.866861,0.09765625
61269.927861,0.0703125
61269.978861,0.046875
61270.029861,0.046875
61270.110861,0.02734375
61270.161861,0.03125
61270.222861,0.03125
61270.283861,0.01953125
61270.345861,0.02734375
61270.407861,0.03515625
61270.458861,0.05078125
61270.509861,0.0703125
61270.560861,0.07421875
61270.611861,0.06640625
61270.662861,0.06640625
61270.713861,0.05078125
61270.764861,0.05859375
61270.816861,0.06640625
61270.867861,0.07421875
61270.928861,0.0703125
61271.009861,0.07421875
61271.070861,0.0859375
61271.121861,0.0703125
61271.172861,0.078125
61271.233861,0.0703125
61271.314861,0.0703125
61271.365861,0.08203125
61271.416861,0.0859375
61271.468861,0.09765625
61271.518861,0.078125
61271.570861,0.0703125
61271.621861,0.0546875
61271.674861,0.046875
61271.725861,0.046875
61271.786861,0.05078125
61271.836861,0.05859375
61271.907861,0.046875
61271.958861,0.0390625
61272.020861,0.02734375
61272.073861,0.0234375
61272.124861,0.0234375
61272.175861,0.03515625
61272.226861,0.03515625
61272.277861,0.04296875
61272.328861,0.05078125
61272.379861,0.046875
61272.440861,0.05859375
61272.512861,0.05078125
61272.563861,0.046875
61272.616861,0.03515625
61272.666861,0.0546875
61272.718861,0.04296875
61272.769861,0.05078125
61272.840861,0.04296875
61272.901861,0.05078125
61272.952861,0.0546875
61273.013861,0.0546875
61273.064861,0.0703125
61273.115861,0.0703125
61273.166861,0.078125
61273.217861,0.0703125
61273.268861,0.078125
61273.319861,0.05859375
61273.370861,0.07421875
61273.422861,0.0546875
61273.472861,0.0546875
61273.534861,0.0546875
61273.586861,0.0546875
61273.637861,0.05078125
61273.709861,0.05859375
61273.760861,0.07421875
61273.811861,0.0546875
61273.862861,0.046875
61273.913861,0.02734375
61273.965861,0.0234375
61274.016861,0.0234375
61274.067861,0.03125
61274.119861,0.02734375
61274.170861,0.03515625
61274.221861,0.02734375
61274.272861,0.04296875
61274.324861,0.0390625
61274.375861,0.06640625
61274.426861,0.0703125
61274.487861,0.07421875
61274.558861,0.08203125
61274.619861,0.0703125
61274.671861,0.06640625
61274.732861,0.078125
61274.793861,0.05078125
61274.854861,0.04296875
61274.916861,0.0390625
61274.977861,0.046875
61275.038861,0.0234375
61275.110861,0.01953125
61275.161861,0.01953125
61275.212861,0.01171875
61275.264861,0.015625
61275.315861,0.01171875
61275.387861,0.015625
61275.438861,0.01953125
61275.529861,0.02734375
61275.580861,0.046875
61275.631861,0.05078125
61275.683861,0.05859375
61275.734861,0.046875
61275.795861,0.0546875
61275.846861,0.05078125
61275.898861,0.046875
61275.949861,0.03515625
61276.000861,0.03125
61276.051861,0.0390625
61276.113861,0.03515625
61276.164861,0.0390625
61276.215861,0.0390625
61276.266861,0.06640625
61276.318861,0.07421875
61276.369861,0.078125
61276.420861,0.06640625
61276.471861,0.05859375
61276.522861,0.046875
61276.572861,0.046875
61276.633861,0.0390625
61276.716861,0.01953125
61276.778861,0.02734375
61276.829861,0.04296875
61276.880861,0.04296875
61276.941861,0.046875
61277.014861,0.046875
61277.065861,0.0390625
61277.116861,0.015625
61277.168861,0
61277.220861,-0.015625
61277.270861,-0.01171875
61277.321861,-0.015625
61277.383861,0
61277.433861,0.02734375
61277.485861,0.06640625
61277.547861,0.08203125
61277.608861,0.07421875
61277.659861,0.06640625
61277.711861,0.05859375
61277.762861,0.06640625
61277.813861,0.05859375
61277.864861,0.06640625
61277.914861,0.05859375
61277.967861,0.0703125
61278.018861,0.05859375
61278.079861,0.07421875
61278.131861,0.07421875
61278.213861,0.03515625
61278.263861,0.02734375
61278.314861,0.0078125
61278.365861,0.00390625
61278.416861,-0.00390625
61278.467861,-0.0078125
61278.519861,-0.05078125
61278.570861,-0.0859375
61278.620861,-0.12890625
61278.673861,-0.1640625
61278.724861,-0.19140625
61278.776861,-0.1953125
61278.828861,-0.20703125
61278.879861,-0.203125
61278.930861,-0.19921875
61278.982861,-0.20703125
61279.043861,-0.203125
61279.105861,-0.19140625
61279.156861,-0.18359375
61279.207861,-0.1875
61279.258861,-0.17578125
61279.309861,-0.1796875
61279.361861,-0.16015625
61279.412861,-0.1640625
61279.463861,-0.16015625
61279.514861,-0.1640625
61279.565861,-0.14453125
61279.615861,-0.140625
61279.666861,-0.12109375
61279.717861,-0.1171875
61279.768861,-0.09765625
61279.819861,-0.09375
61279.870861,-0.08203125
61279.920861,-0.07421875
61279.971861,-0.0625
61280.023861,-0.0625
61280.073861,-0.04296875
61280.124861,-0.0234375
61280.175861,-0.00390625
61280.226861,-0.00390625
61280.276861,0.01953125
61280.327861,0.0234375
61280.378861,0.02734375
61280.429861,0.02734375
61280.481861,0.01171875
61280.542861,0.00390625
61280.613861,-0.00390625
61280.664861,0.00390625
61280.715861,0.00390625
61280.766861,0.015625
61280.817861,0.015625
61280.868861,0.02734375
61280.920861,0.0234375
61280.971861,0.03515625
61281.021861,0.02734375
61281.072861,0.03125
61281.123861,0.0234375
61281.174861,0.02734375
61281.225861,0.01171875
61281.283861,0.0078125
61281.333861,0
61281.384861,0.0078125
61281.445861,-0.00390625
61281.507861,0
61281.558861,-0.00390625
61281.609861,0
61281.660861,0.0078125
61281.711861,0.00390625
61281.782861,0.00390625
61281.833861,0.00390625
61281.884861,0.01171875
61281.945861,0.00390625
61282.006861,0.0078125
61282.058861,0.0078125
61282.119861,0.00390625
61282.170861,0.0078125
61282.221861,0.0078125
61282.272861,0.01953125
61282.322861,0.01953125
61282.374861,0.04296875
61282.424861,0.03515625
61282.476861,0.04296875
61282.526861,0.046875
61282.578861,0.03125
61282.629861,0.05078125
61282.680861,0.03515625
61282.731861,0.0390625
61282.782861,0.0390625
61282.833861,0.0234375
61282.894861,0.0390625
61282.945861,0.03125
61283.018861,0.0234375
61283.079861,0.02734375
61283.130861,0.03125
61283.181861,0.01953125
61283.243861,0.01953125
61283.314861,0.02734375
61283.365861,0.02734375
61283.416861,0.0234375
61283.467861,0.02734375
61283.518861,0.02734375
61283.569861,0.05078125
61283.620861,0.08203125
61283.673861,0.109375
61283.724861,0.13671875
61283.787861,0.171875
61283.838861,0.203125
61283.909861,0.16796875
61283.960861,0.09765625
61284.011861,0.046875
61284.062861,0.0078125
61284.113861,0
61284.164861,0.00390625
61284.215861,0.0234375
61284.266861,0.05859375
61284.317861,0.0859375
61284.368861,0.12109375
61284.418861,0.125
61284.469861,0.13671875
61284.520861,0.11328125
61284.572861,0.10546875
61284.622861,0.06640625
61284.674861,0.0390625
61284.725861,0.01953125
61284.776861,0.03125
61284.827861,0.02734375
61284.878861,0.046875
61284.928861,0.07421875
61284.979861,0.08203125
61285.040861,0.0859375
61285.111861,0.11328125
61285.162861,0.13671875
61285.213861,0.1328125
61285.264861,0.11328125
61285.315861,0.08203125
61285.366861,0.02734375
61285.428861,-0.0390625
61285.479861,-0.07421875
61285.530861,-0.09375
61285.581861,-0.125
61285.642861,-0.12109375
61285.713861,-0.08203125
61285.764861,-0.05859375
61285.815861,-0.04296875
61285.869861,-0.0234375
61285.921861,-0.02734375
61285.971861,-0.015625
61286.022861,-0.0234375
61286.073861,-0.0234375
61286.124861,-0.0234375
61286.175861,-0.01171875
61286.226861,-0.0234375
61286.319861,-0.05078125
61286.370861,-0.05078125
61286.421861,-0.05078125
61286.472861,-0.02734375
61286.523861,-0.0390625
61286.574861,-0.01171875
61286.626861,-0.01171875
61286.676861,0.00390625
61286.727861,0.01953125
61286.779861,0.046875
61286.830861,0.046875
61286.921861,0.03515625
61286.972861,0.03125
61287.024861,0.02734375
61287.074861,0.03515625
61287.125861,0.02734375
61287.208861,0.02734375
61287.259861,0.03125
61287.310861,0.03125
61287.361861,0.03515625
61287.412861,0.03515625
61287.463861,0.0390625
61287.514861,0.03125
61287.565861,0.04296875
61287.616861,0.0390625
61287.667861,0.04296875
61287.718861,0.04296875
61287.779861,0.046875
61287.830861,0.05078125
61287.882861,0.05078125
61287.933861,0.03125
61287.984861,0.04296875
61288.035861,0.03125
61288.106861,0.03125
61288.158861,0.02734375
61288.209861,0.01953125
61288.260861,0.01953125
61288.312861,0.01171875
61288.363861,0.015625
61288.414861,0.0234375
61288.465861,0.02734375
61288.516861,0.02734375
61288.567861,0.03515625
61288.618861,0.03125
61288.669861,0.03125
61288.729861,0.04296875
61288.780861,0.0390625
61288.832861,0.05078125
61288.882861,0.05078125
61288.933861,0.03125
61289.015861,0.0390625
61289.066861,0.046875
61289.117861,0.03125
61289.168861,0.0234375
61289.219861,0.01953125
61289.271861,0.02734375
61289.322861,0.01953125
61289.373861,0.0234375
61289.434861,0.0234375
61289.485861,0.03125
61289.536861,0.0234375
61289.617861,0.02734375
61289.669861,0.02734375
61289.721861,0.02734375
61289.772861,0.04296875
61289.823861,0.0390625
61289.874861,0.046875
61289.925861,0.0390625
61289.979861,0.04296875
61290.030861,0.046875
61290.081861,0.0390625
61290.131861,0.06640625
61290.212861,0.0859375
61290.263861,0.0859375
61290.315861,0.06640625
61290.366861,0.05078125
61290.417861,0.03515625
61290.468861,0.01953125
61290.519861,-0.015625
61290.570861,-0.015625
61290.621861,-0.01171875
61290.672861,0.01171875
61290.724861,0.03125
61290.775861,0.05078125
61290.826861,0.0703125
61290.877861,0.08984375
61290.928861,0.08203125
61290.979861,0.06640625
61291.030861,0.06640625
61291.111861,0.04296875
61291.162861,0.046875
61291.214861,0.05078125
61291.265861,0.05078125
61291.316861,0.03515625
61291.366861,0.01171875
61291.417861,-0.05078125
61291.469861,-0.1484375
61291.520861,-0.19921875
61291.572861,-0.24609375
61291.623861,-0.2734375
61291.675861,-0.30078125
61291.736861,-0.3359375
61291.787861,-0.34765625
61291.838861,-0.3359375
61291.889861,-0.31640625
61291.940861,-0.2890625
61292.011861,-0.26171875
61292.063861,-0.21484375
61292.114861,-0.1953125
61292.165861,-0.171875
61292.216861,-0.16015625
61292.267861,-0.12890625
61292.318861,-0.125
61292.368861,-0.1015625
61292.420861,-0.09375
61292.471861,-0.08203125
61292.522861,-0.07421875
61292.574861,-0.0546875
61292.627861,-0.04296875
61292.678861,-0.01953125
61292.729861,-0.0078125
61292.780861,-0.0078125
61292.841861,-0.00390625
61292.913861,-0.00390625
61292.965861,-0.00390625
61293.016861,-0.00390625
61293.067861,-0.0078125
61293.118861,-0.015625
61293.169861,-0.01171875
61293.220861,-0.01171875
61293.271861,0
61293.322861,0
61293.373861,0.01171875
61293.424861,0.015625
61293.485861,0.02734375
61293.536861,0.02734375
61293.599861,0.04296875
61293.650861,0.046875
61293.701861,0.04296875
61293.752861,0.03515625
61293.813861,0.02734375
61293.863861,0.03515625
61293.914861,0.01953125
61293.965861,0.0234375
61294.016861,0.02734375
61294.067861,0.0234375
61294.118861,0.015625
61294.168861,0.0234375
61294.219861,0.015625
61294.270861,0.01953125
61294.323861,0.01953125
61294.374861,0.03515625
61294.425861,0.03125
61294.476861,0.046875
61294.570861,0.04296875
61294.621861,0.0390625
61294.672861,0.046875
61294.723861,0.03515625
61294.774861,0.0390625
61294.825861,0.03125
61294.876861,0.04296875
61294.928861,0.046875
61295.009861,0.03125
61295.060861,0.04296875
61295.111861,0.0390625
61295.162861,0.03515625
61295.213861,0.0390625
61295.264861,0.0390625
61295.316861,0.03515625
61295.367861,0.0390625
61295.418861,0.0390625
61295.469861,0.04296875
61295.520861,0.0390625
61295.571861,0.05078125
61295.621861,0.04296875
61295.683861,0.02734375
61295.734861,0.02734375
61295.795861,0.0390625
61295.846861,0.04296875
61295.907861,0.03515625
61295.959861,0.03515625
61296.009861,0.02734375
61296.060861,0.03125
61296.112861,0.02734375
61296.163861,0.02734375
61296.214861,0.0234375
61296.264861,0.03515625
61296.315861,0.0390625
61296.366861,0.046875
61296.417861,0.04296875
61296.469861,0.046875
61296.520861,0.03515625
61296.573861,0.0390625
61296.625861,0.03125
61296.677861,0.03125
61296.728861,0.03125
61296.810861,0.01953125
61296.861861,0.03515625
61296.912861,0.02734375
61296.963861,0.03125
61297.014861,0.03515625
61297.065861,0.05078125
61297.116861,0.046875
61297.166861,0.046875
61297.217861,0.0390625
61297.269861,0.03515625
61297.319861,0.02734375
61297.370861,0.04296875
61297.421861,0.02734375
61297.472861,0.03125
61297.523861,0.0390625
61297.575861,0.0703125
61297.626861,0.09765625
61297.677861,0.1328125
61297.728861,0.1640625
61297.780861,0.19140625
61297.831861,0.19921875
61297.882861,0.1796875
61297.933861,0.109375
61298.015861,0.01953125
61298.066861,-0.00390625
61298.117861,-0.015625
61298.168861,0.0078125
61298.218861,0.0234375
61298.269861,0.078125
61298.321861,0.09375
61298.381861,0.1171875
61298.432861,0.1015625
61298.483861,0.11328125
61298.534861,0.109375
61298.615861,0.09375
61298.667861,0.0859375
61298.718861,0.06640625
61298.770861,0.06640625
61298.821861,0.0546875
61298.872861,0.046875
61298.923861,0.0390625
61298.974861,0.05078125
61299.025861,0.046875
61299.077861,0.0703125
61299.128861,0.07421875
61299.189861,0.04296875
61299.250861,0.02734375
61299.311861,0.01171875
61299.364861,0.02734375
61299.414861,0.02734375
61299.466861,0.0390625
61299.516861,0.0390625
61299.567861,0.046875
61299.618861,0.0390625
61299.669861,0.04296875
61299.720861,0.03515625
61299.771861,0.03125
61299.832861,0.0078125
61299.884861,0.0234375
61299.934861,0.01953125
61299.986861,0.04296875
61300.037861,0.04296875
61300.109861,0.04296875
61300.170861,0.04296875
61300.222861,0.046875
61300.273861,0.04296875
61300.324861,0.03515625
61300.374861,0.0390625
61300.427861,0.03515625
61300.478861,0.02734375
61300.529861,0.0234375
61300.590861,0.015625
61300.640861,0.00390625
61300.712861,0.015625
61300.773861,0.03515625
61300.824861,0.03515625
61300.876861,0.02734375
61300.938861,0.03515625
61301.029861,0.0234375
61301.081861,0.02734375
61301.133861,0.01953125
61301.184861,0.03515625
61301.235861,0.0234375
61301.305861,0.0234375
61301.367861,0.02734375
61301.419861,0.01953125
61301.470861,0.02734375
61301.521861,0.01953125
61301.572861,0.01953125
61301.623861,0.01171875
61301.674861,0.015625
61301.724861,0.015625
61301.775861,0.015625
61301.826861,0.0078125
61301.877861,0.01953125
61301.927861,0.01953125
61301.978861,0.0234375
61302.031861,0.03515625
61302.083861,0.02734375
61302.133861,0.0078125
61302.204861,0.0078125
61302.276861,0.01953125
61302.327861,0.015625
61302.378861,0.02734375
61302.430861,0.03515625
61302.501861,0.0390625
61302.552861,0.04296875
61302.613861,0.03515625
61302.664861,0.03125
61302.736861,0.03125
61302.807861,0.015625
61302.858861,0.01953125
61302.910861,0.015625
61302.961861,0.01953125
61303.022861,0.01171875
61303.072861,0.015625
61303.123861,0.00390625
61303.174861,0.015625
61303.225861,0.015625
61303.276861,0.0234375
61303.327861,0.02734375
61303.378861,0.0234375
61303.429861,0.0390625
61303.482861,0.04296875
61303.533861,0.04296875
61303.584861,0.04296875
61303.635861,0.01953125
61303.716861,-0.0078125
61303.767861,-0.0078125
61303.818861,-0.00390625
61303.869861,-0.00390625
61303.920861,0.00390625
61303.971861,0.00390625
61304.022861,0.01171875
61304.073861,0.0390625
61304.124861,0.046875
61304.176861,0.08984375
61304.227861,0.09375
61304.308861,0.03515625
61304.359861,0
61304.411861,-0.046875
61304.462861,-0.0859375
61304.512861,-0.08203125
61304.563861,-0.09375
61304.614861,-0.08984375
61304.686861,-0.0859375
61304.736861,-0.09765625
61304.789861,-0.05078125
61304.840861,-0.05078125
61304.911861,-0.06640625
61304.964861,-0.07421875
61305.015861,-0.0859375
61305.067861,-0.06640625
61305.118861,-0.0703125
61305.209861,-0.01953125
61305.261861,0
61305.312861,0
61305.373861,0.015625
61305.424861,0.015625
61305.485861,0.03125
61305.536861,0.02734375
61305.587861,0.0390625
61305.638861,0.03515625
61305.689861,0.02734375
61305.740861,0.03515625
61305.812861,0.03125
61305.863861,0.03125
61305.914861,0.015625
61305.965861,0.01171875
61306.017861,0.0078125
61306.089861,0.0234375
61306.142861,0.01171875
61306.193861,0.015625
61306.245861,0.01953125
61306.296861,0
61306.348861,0.00390625
61306.410861,0.0078125
61306.461861,0.0078125
61306.512861,-0.00390625
61306.563861,0.0078125
61306.614861,0.015625
61306.665861,0.0234375
61306.716861,0.0390625
61306.767861,0.04296875
61306.827861,0.0390625
61306.879861,0.08203125
61306.930861,0.1015625
61307.014861,0.125
61307.068861,0.15234375
61307.119861,0.14453125
61307.170861,0.15234375
61307.221861,0.0859375
61307.273861,-0.01171875
61307.324861,-0.10546875
61307.376861,-0.1640625
61307.426861,-0.15234375
61307.477861,-0.12109375
61307.528861,-0.0703125
61307.619861,-0.05078125
61307.670861,-0.07421875
61307.722861,-0.1015625
61307.776861,-0.0703125
61307.827861,-0.02734375
61307.909861,0.03125
61307.959861,0.078125
61308.021861,0.09375
61308.072861,0.10546875
61308.123861,0.0859375
61308.173861,0.08984375
61308.225861,0.09375
61308.286861,0.1171875
61308.337861,0.140625
61308.388861,0.15625
61308.439861,0.1640625
61308.521861,0.171875
61308.572861,0.17578125
61308.633861,0.1640625
61308.684861,0.14453125
61308.745861,0.1015625
61308.817861,0.07421875
61308.868861,0.05078125
61308.919861,0.0234375
61308.970861,0.00390625
61309.021861,-0.0234375
61309.081861,-0.0390625
61309.132861,-0.05859375
61309.185861,-0.0703125
61309.246861,-0.07421875
61309.297861,-0.07421875
61309.348861,-0.0703125
61309.419861,-0.0625
61309.470861,-0.046875
61309.521861,-0.05078125
61309.571861,-0.046875
61309.632861,-0.05078125
61309.713861,-0.0546875
61309.764861,-0.0546875
61309.816861,-0.05078125
61309.867861,-0.0390625
61309.917861,-0.02734375
61309.978861,-0.015625
61310.040861,-0.0078125
61310.090861,0.00390625
61310.142861,0.01171875
61310.192861,0.015625
61310.244861,0.015625
61310.335861,0.01171875
61310.386861,-0.01171875
61310.438861,-0.0390625
61310.488861,-0.046875
61310.540861,-0.03125
61310.611861,-0.03125
61310.662861,-0.01953125
61310.713861,-0.02734375
61310.764861,-0.015625
61310.815861,-0.015625
61310.867861,-0.0078125
61310.918861,-0.01171875
61310.969861,0.01171875
61311.020861,0.01171875
61311.072861,0.0234375
61311.123861,0.01171875
61311.184861,0.015625
61311.245861,0.015625
61311.296861,0.01171875
61311.347861,0.015625
61311.398861,0.0078125
61311.448861,0.015625
61311.510861,-0.00390625
61311.570861,-0.00390625
61311.621861,-0.01171875
61311.672861,-0.0078125
61311.724861,-0.015625
61311.775861,0.00390625
61311.826861,0.0078125
61311.877861,0.0234375
61311.928861,0.0390625
61311.979861,0.02734375
61312.030861,0.05078125
61312.111861,0.03515625
61312.161861,0.03515625
61312.212861,0.01953125
61312.263861,0.01953125
61312.314861,0.015625
61312.366861,0.0234375
61312.417861,0.01953125
61312.478861,0.02734375
61312.531861,0.04296875
61312.582861,0.0390625
61312.643861,0.03515625
61312.714861,0.0546875
61312.765861,0.09765625
61312.816861,0.09375
61312.867861,0.08984375
61312.918861,0.06640625
61312.969861,0.03125
61313.020861,-0.01171875
61313.071861,-0.0234375
61313.122861,-0.0546875
61313.173861,-0.04296875
61313.224861,-0.02734375
61313.275861,-0.01171875
61313.326861,-0.0078125
61313.377861,0.01171875
61313.428861,0.0078125
61313.479861,0.01953125
61313.530861,0.0546875
61313.611861,0.07421875
61313.666861,0.09765625
61313.717861,0.0546875
61313.768861,0.0078125
61313.819861,-0.0546875
61313.870861,-0.11328125
61313.920861,-0.140625
61313.972861,-0.1171875
61314.023861,-0.0859375
61314.076861,-0.01953125
61314.127861,0.0078125
61314.208861,0.04296875
61314.259861,0.03515625
61314.310861,0.03125
61314.371861,0.0234375
61314.432861,0.0234375
61314.513861,0.02734375
61314.575861,0.04296875
61314.626861,0.046875
61314.677861,0.06640625
61314.729861,0.06640625
61314.811861,0.0390625
61314.871861,0.03125
61314.923861,0.01953125
61314.984861,0.02734375
61315.055861,0.0390625
61315.107861,0.05859375
61315.159861,0.0703125
61315.220861,0.0546875
61315.272861,0.05078125
61315.333861,0.03515625
61315.414861,0.01953125
61315.475861,0.02734375
61315.526861,0.03515625
61315.577861,0.04296875
61315.659861,0.04296875
61315.720861,0.03515625
61315.772861,0.01953125
61315.823861,0.015625
61315.875861,0.015625
61315.925861,0.01953125
61315.977861,0.03515625
61316.027861,0.046875
61316.078861,0.05859375
61316.129861,0.046875
61316.180861,0.04296875
61316.231861,0.0390625
61316.315861,0.0234375
61316.366861,0.03125
61316.421861,0.0234375
61316.472861,0.0390625
61316.533861,0.02734375
61316.614861,0.0390625
61316.665861,0.05078125
61316.718861,0.04296875
61316.768861,0.0390625
61316.821861,0.0234375
61316.871861,0.0234375
61316.922861,0.015625
61316.973861,0.0234375
61317.024861,0.01953125
61317.075861,0.03515625
61317.126861,0.04296875
61317.177861,0.0390625
61317.228861,0.04296875
61317.279861,0.03125
61317.330861,0.03515625
61317.381861,0.0234375
61317.432861,0.02734375
61317.512861,0.01171875
61317.584861,0.0078125
61317.645861,0.015625
61317.696861,0.02734375
61317.748861,0.02734375
61317.811861,0.02734375
61317.862861,0.04296875
61317.913861,0.03515625
61317.964861,0.03125
61318.015861,0.0234375
61318.066861,0.0234375
61318.117861,0.015625
61318.167861,0.015625
61318.219861,0.01953125
61318.270861,0.03515625
61318.322861,0.0234375
61318.372861,0.0390625
61318.424861,0.0390625
61318.474861,0.04296875
61318.525861,0.0234375
61318.576861,0.015625
61318.627861,0.00390625
61318.678861,-0.00390625
61318.730861,0.015625
61318.781861,0.03515625
61318.832861,0.05078125
61318.882861,0.0546875
61318.943861,0.046875
61319.015861,0.04296875
61319.066861,0.0546875
61319.116861,0.046875
61319.168861,0.05078125
61319.219861,0.03515625
61319.280861,0.03125
61319.331861,0.03125
61319.382861,0.03125
61319.433861,0.03125
61319.485861,0.04296875
61319.535861,0.01953125
61319.617861,0.00390625
61319.668861,0.00390625
61319.719861,-0.0078125
61319.771861,0.015625
61319.822861,0.03515625
61319.873861,0.07421875
61319.924861,0.08203125
61319.976861,0.05078125
61320.027861,-0.00390625
61320.077861,-0.046875
61320.129861,-0.078125
61320.231861,-0.078125
61320.281861,-0.08203125
61320.332861,-0.1015625
61320.383861,-0.12109375
61320.445861,-0.15234375
61320.506861,-0.1796875
61320.558861,-0.1796875
61320.609861,-0.1953125
61320.661861,-0.1796875
61320.712861,-0.1875
61320.773861,-0.171875
61320.823861,-0.16796875
61320.874861,-0.15234375
61320.935861,-0.14453125
61320.986861,-0.140625
61321.038861,-0.12890625
61321.109861,-0.12890625
61321.161861,-0.125
61321.212861,-0.12890625
61321.263861,-0.12109375
61321.314861,-0.109375
61321.365861,-0.08203125
61321.418861,-0.0625
61321.479861,-0.02734375
61321.530861,-0.0078125
61321.581861,-0.0234375
61321.632861,-0.00390625
61321.714861,-0.0234375
61321.775861,-0.015625
61321.828861,-0.01171875
61321.879861,-0.0078125
61321.930861,0.01171875
61322.011861,0.015625
61322.062861,0.0234375
61322.113861,0.01171875
61322.164861,0.015625
61322.215861,0.01171875
61322.266861,0.0078125
61322.317861,0.00390625
61322.367861,0
61322.419861,-0.00390625
61322.470861,0.00390625
61322.531861,0.00390625
61322.612861,-0.00390625
61322.663861,0
61322.715861,-0.0078125
61322.766861,0
61322.817861,-0.0078125
61322.868861,-0.01171875
61322.919861,-0.015625
61322.970861,-0.01171875
61323.021861,0
61323.072861,0.0078125
61323.123861,0.00390625
61323.174861,0.01171875
61323.225861,0
61323.275861,0.0078125
61323.326861,0.0078125
61323.377861,0.01171875
61323.430861,0.0078125
61323.512861,0.00390625
61323.563861,0.01953125
61323.614861,0.0078125
61323.666861,0.0234375
61323.717861,0.0234375
61323.769861,0.03125
61323.820861,0.02734375
61323.870861,0.0234375
61323.931861,0.02734375
61323.982861,0.03125
61324.044861,0.02734375
61324.115861,0.01171875
61324.166861,0.01953125
61324.217861,0.015625
61324.268861,0.03125
61324.319861,0.0234375
61324.380861,0.03515625
61324.432861,0.04296875
61324.493861,0.03125
61341.694861,0.015625
61342.308861,0.01953125
61342.390861,-0.0234375
61342.465861,0.08203125
61342.528861,0.1484375
61342.604861,0.19140625
61342.690861,0.15625
61342.765861,0.09375
61342.828861,0.04296875
61342.893861,0.01171875
61342.956861,0.0078125
61343.030861,0.0078125
61343.115861,0.0546875
61343.200861,0.08203125
61343.273861,0.05859375
61343.338861,0.01171875
61343.404861,-0.015625
61343.466861,-0.01953125
61343.542861,-0.00390625
61343.606861,0.0234375
61343.700861,0.08984375
61343.764861,0.109375
61343.838861,0.0390625
61343.973861,-0.16015625
61344.059861,-0.25
61344.134861,-0.1796875
61344.208861,-0.04296875
61344.281861,0.05859375
61344.354861,0.05078125
61344.431861,0.03125
61344.504861,-0.00390625
61344.578861,0
61344.651861,0.04296875
61344.725861,0.07421875
61344.798861,0.0859375
61344.862861,0.04296875
61345.000861,0.01171875
61345.104861,0.00390625
61345.177861,0.02734375
61345.329861,0.05078125
61345.402861,0.05859375
61359.821861,0.01953125
61418.185861,0.08984375
61418.699861,-0.12890625
61434.877861,-0.0234375
61434.929861,0.02734375
61435.000861,0.03515625
61435.051861,0.04296875
61435.102861,0.04296875
61435.163861,0.04296875
61435.225861,0.046875
61435.286861,0.05859375
61435.389861,0.05859375
61435.450861,0.04296875
61435.502861,0.07421875
61435.553861,0.08984375
61435.604861,0.12109375
61435.696861,0.19140625
61435.747861,0.23828125
61435.798861,0.26953125
61435.863861,0.29296875
61435.944861,0.27734375
61435.995861,0.24609375
61436.048861,0.20703125
61436.100861,0.18359375
61436.151861,0.15234375
61436.212861,0.12890625
61436.264861,0.12109375
61436.316861,0.109375
61436.367861,0.1171875
61436.418861,0.125
61436.469861,0.13671875
61436.561861,0.16796875
61436.622861,0.18359375
61436.683861,0.203125
61436.734861,0.22265625
61436.785861,0.21484375
61436.847861,0.21484375
61436.898861,0.21484375
61436.949861,0.203125
61437.010861,0.203125
61437.061861,0.19921875
61437.132861,0.18359375
61437.184861,0.1875
61437.235861,0.17578125
61437.286861,0.1640625
61437.337861,0.14453125
61437.391861,0.14453125
61437.452861,0.14453125
61437.503861,0.13671875
61437.554861,0.12890625
61437.605861,0.125
61437.656861,0.125
61437.707861,0.11328125
61437.761861,0.1171875
61437.812861,0.10546875
61437.863861,0.11328125
61437.915861,0.1015625
61437.987861,0.10546875
61438.049861,0.0859375
61438.100861,0.0703125
61438.150861,0.05078125
61438.201861,0.04296875
61438.253861,0.03515625
61438.303861,0.03125
61438.354861,0.02734375
61438.406861,0.02734375
61438.457861,0.0234375
61438.508861,0.0234375
61438.560861,0.0234375
61438.644861,0.01953125
61438.695861,0.03125
61438.746861,0.0234375
61438.798861,0.02734375
61438.849861,0.03125
61438.900861,0.03125
61438.951861,0.02734375
61439.002861,0.02734375
61439.053861,0.03125
61439.104861,0.02734375
61439.155861,0.02734375
61439.226861,0.0234375
61439.277861,0.02734375
61439.328861,0.0234375
61439.379861,0.0234375
61439.430861,0.0234375
61439.481861,0.0234375
61439.542861,0.02734375
61439.594861,0.03515625
61439.645861,0.03515625
61439.696861,0.04296875
61439.747861,0.04296875
61439.802861,0.0546875
61439.853861,0.0546875
61439.904861,0.05859375
61439.957861,0.06640625
61440.008861,0.05859375
61440.059861,0.05859375
61440.140861,0.05078125
61440.192861,0.05078125
61440.243861,0.046875
61440.294861,0.04296875
61440.345861,0.0390625
61440.399861,0.03515625
61440.470861,0.03515625
61440.521861,0.03125
61440.572861,0.05859375
61440.623861,0.05078125
61440.674861,0.0703125
61440.746861,0.03125
61440.808861,-0.0390625
61440.859861,-0.09375
61440.910861,-0.15234375
61440.961861,-0.1875
61441.013861,-0.25
61441.064861,-0.2734375
61441.115861,-0.2890625
61441.166861,-0.2578125
61441.218861,-0.20703125
61441.268861,-0.15234375
61441.351861,-0.08984375
61441.402861,-0.08203125
61441.453861,-0.0859375
61441.506861,-0.1015625
61441.557861,-0.10546875
61441.608861,-0.11328125
61441.659861,-0.10546875
61441.710861,-0.09375
61441.762861,-0.0546875
61441.813861,-0.01953125
61441.864861,0.01171875
61441.945861,0.03125
61441.997861,0.04296875
61442.048861,0.03515625
61442.099861,0.03515625
61442.150861,0.03125
61442.200861,0.03125
61442.252861,0.02734375
61442.303861,0.0234375
61442.354861,0.0234375
61442.406861,0.01171875
61442.457861,0.0078125
61442.507861,0
61442.558861,0
61442.610861,-0.0078125
61442.661861,0
61442.712861,-0.0078125
61442.763861,-0.00390625
61442.844861,-0.01171875
61442.895861,-0.015625
61442.946861,-0.015625
61443.028861,-0.01953125
61443.079861,-0.0234375
61443.141861,-0.01171875
61443.192861,-0.0078125
61443.243861,-0.01171875
61443.293861,-0.0078125
61443.344861,-0.0078125
61443.395861,-0.00390625
61443.447861,0.00390625
61443.498861,0.01171875
61443.559861,0.015625
61443.610861,0.0234375
61443.661861,0.03125
61443.763861,0.0234375
61443.834861,0.00390625
61443.896861,-0.0078125
61443.947861,-0.0625
61443.999861,-0.09375
61444.060861,-0.1171875
61444.111861,-0.15625
61444.162861,-0.1796875
61444.213861,-0.20703125
61444.274861,-0.20703125
61444.367861,-0.24609375
61444.418861,-0.26171875
61444.479861,-0.26171875
61444.551861,-0.25
61444.601861,-0.1875
61444.653861,-0.140625
61444.704861,-0.09765625
61444.756861,-0.0546875
61444.807861,0.00390625
61444.858861,0.04296875
61444.909861,0.0703125
61444.962861,0.0859375
61445.023861,0.08984375
61445.074861,0.1015625
61445.124861,0.08984375
61445.176861,0.09375
61445.250861,0.08203125
61445.301861,0.0703125
61445.352861,0.06640625
61445.403861,0.05078125
61445.454861,0.05078125
61445.505861,0.046875
61445.558861,0.046875
61445.609861,0.046875
61445.660861,0.05078125
61445.711861,0.046875
61445.762861,0.05078125
61445.843861,0.046875
61445.894861,0.04296875
61445.945861,0.03515625
61445.996861,0.02734375
61446.048861,0.0234375
61446.109861,0.01953125
61446.162861,0.02734375
61446.213861,0.03125
61446.266861,0.03515625
61446.317861,0.02734375
61446.371861,0.0078125
61446.452861,-0.046875
61446.503861,-0.0859375
61446.564861,-0.10546875
61446.615861,-0.12109375
61446.668861,-0.140625
61446.749861,-0.1796875
61446.800861,-0.1953125
61446.861861,-0.22265625
61446.922861,-0.2734375
61446.973861,-0.2890625
61447.055861,-0.30078125
61447.106861,-0.2890625
61447.157861,-0.26953125
61447.209861,-0.2578125
61447.261861,-0.21484375
61447.312861,-0.203125
61447.363861,-0.171875
61447.414861,-0.16015625
61447.465861,-0.1484375
61447.526861,-0.14453125
61447.586861,-0.13671875
61447.647861,-0.125
61447.698861,-0.125
61447.751861,-0.12890625
61447.812861,-0.12109375
61447.863861,-0.12109375
61447.946861,-0.11328125
61447.997861,-0.11328125
61448.048861,-0.109375
61448.099861,-0.1015625
61448.150861,-0.09375
61448.203861,-0.0859375
61448.255861,-0.0703125
61448.306861,-0.0625
61448.367861,-0.0546875
61448.418861,-0.05078125
61448.479861,-0.0390625
61448.540861,-0.03125
61448.591861,-0.02734375
61448.642861,-0.03125
61448.703861,-0.03125
61448.754861,-0.0234375
61448.805861,-0.01953125
61448.856861,-0.01171875
61448.917861,-0.015625
61448.968861,-0.015625
61449.018861,-0.02734375
61449.070861,-0.02734375
61449.141861,-0.04296875
61449.192861,-0.046875
61449.244861,-0.0546875
61449.295861,-0.05859375
61449.345861,-0.0546875
61449.397861,-0.05859375
61449.452861,-0.0546875
61449.503861,-0.04296875
61449.554861,-0.03125
61449.605861,-0.0390625
61449.656861,-0.02734375
61449.708861,-0.01953125
61449.758861,-0.015625
61449.810861,-0.0234375
61449.861861,-0.015625
61449.913861,-0.015625
61449.964861,-0.01171875
61450.056861,-0.01171875
61450.107861,-0.01171875
61450.158861,-0.0078125
61450.219861,-0.0078125
61450.274861,-0.00390625
61450.356861,-0.0078125
61450.407861,-0.00390625
61450.458861,0
61450.509861,0.00390625
61450.560861,0.01171875
61450.611861,0.01171875
61450.662861,0.0234375
61450.713861,0.01953125
61450.764861,0.02734375
61450.815861,0.01953125
61450.866861,0.0234375
61450.957861,0.02734375
61451.008861,0.01953125
61451.062861,0.015625
61451.113861,0.01171875
61451.164861,0.01953125
61451.215861,0.01171875
61451.276861,0.0234375
61451.327861,0.0234375
61451.378861,0.02734375
61451.429861,0.02734375
61451.480861,0.03515625
61451.531861,0.03515625
61451.582861,0.0390625
61451.634861,0.05078125
61451.685861,0.0546875
61451.736861,0.0859375
61451.787861,0.11328125
61451.838861,0.125
61451.889861,0.15234375
61451.940861,0.1640625
61451.991861,0.18359375
61452.045861,0.171875
61452.096861,0.1484375
61452.180861,0.109375
61452.231861,0.0859375
61452.282861,0.078125
61452.333861,0.078125
61452.384861,0.0703125
61452.435861,0.0859375
61452.486861,0.09375
61452.537861,0.09765625
61452.588861,0.12890625
61452.640861,0.1328125
61452.690861,0.15234375
61452.773861,0.17578125
61452.823861,0.1796875
61452.875861,0.18359375
61452.926861,0.17578125
61452.977861,0.1796875
61453.038861,0.16796875
61453.089861,0.171875
61453.140861,0.16796875
61453.191861,0.171875
61453.241861,0.15625
61453.303861,0.15625
61453.374861,0.15625
61453.425861,0.140625
61453.476861,0.13671875
61453.527861,0.1171875
61453.581861,0.109375
61453.634861,0.11328125
61453.685861,0.109375
61453.737861,0.10546875
61453.788861,0.09375
61453.839861,0.0859375
61453.900861,0.0859375
61453.971861,0.05859375
61454.022861,0.0390625
61454.073861,0.02734375
61454.124861,0.0078125
61454.175861,0.00390625
61454.226861,-0.0078125
61454.297861,-0.0234375
61454.348861,-0.0234375
61454.399861,-0.0390625
61454.450861,-0.046875
61454.501861,-0.05859375
61454.594861,-0.07421875
61454.645861,-0.08203125
61454.696861,-0.08203125
61454.747861,-0.078125
61454.799861,-0.0859375
61454.880861,-0.109375
61454.931861,-0.16015625
61454.982861,-0.1953125
61455.034861,-0.21875
61455.085861,-0.25
61455.136861,-0.2578125
61455.187861,-0.2578125
61455.239861,-0.234375
61455.291861,-0.1796875
61455.341861,-0.140625
61455.402861,-0.08203125
61455.477861,-0.0234375
61455.528861,-0.00390625
61455.579861,0.01171875
61455.629861,0.01953125
61455.681861,0.02734375
61455.732861,0.01953125
61455.783861,0.015625
61455.833861,0.02734375
61455.884861,0.01171875
61455.935861,0.02734375
61455.987861,0.0078125
61456.037861,0.0078125
61456.089861,0.01953125
61456.139861,0.0078125
61456.191861,0.0234375
61456.242861,0.01171875
61456.296861,0.0234375
61456.357861,0.02734375
61456.407861,0.03125
61456.458861,0.03125
61456.509861,0.01953125
61456.559861,0.01171875
61456.620861,-0.01953125
61456.671861,-0.06640625
61456.723861,-0.09765625
61456.774861,-0.1171875
61456.826861,-0.14453125
61456.876861,-0.15625
61456.928861,-0.17578125
61456.979861,-0.18359375
61457.031861,-0.1875
61457.081861,-0.18359375
61457.134861,-0.171875
61457.184861,-0.1796875
61457.236861,-0.15625
61457.286861,-0.14453125
61457.338861,-0.1484375
61457.389861,-0.10546875
61457.442861,-0.09375
61457.503861,-0.05859375
61457.586861,-0.01953125
61457.637861,-0.00390625
61457.691861,0.015625
61457.752861,0.0234375
61457.804861,0.04296875
61457.875861,0.0546875
61457.926861,0.0703125
61457.980861,0.08984375
61458.031861,0.1171875
61458.082861,0.12890625
61458.133861,0.1484375
61458.204861,0.1640625
61458.265861,0.16796875
61458.326861,0.16796875
61458.388861,0.171875
61458.439861,0.1640625
61458.500861,0.1484375
61458.551861,0.14453125
61458.602861,0.125
61458.653861,0.11328125
61458.703861,0.09375
61458.774861,0.06640625
61458.828861,0.0234375
61458.879861,-0.015625
61458.931861,-0.04296875
61458.982861,-0.0859375
61459.032861,-0.09765625
61459.083861,-0.1171875
61459.144861,-0.14453125
61459.206861,-0.1484375
61459.257861,-0.13671875
61459.308861,-0.140625
61459.374861,-0.12890625
61459.426861,-0.140625
61459.477861,-0.12890625
61459.528861,-0.15234375
61459.579861,-0.15625
61459.629861,-0.16796875
61459.681861,-0.18359375
61459.732861,-0.21484375
61459.783861,-0.23828125
61459.834861,-0.26953125
61459.896861,-0.2890625
61459.977861,-0.30859375
61460.028861,-0.30859375
61460.080861,-0.30859375
61460.131861,-0.28125
61460.182861,-0.22265625
61460.233861,-0.1875
61460.284861,-0.15234375
61460.336861,-0.10546875
61460.387861,-0.07421875
61460.448861,-0.05078125
61460.500861,-0.015625
61460.581861,0
61460.633861,-0.015625
61460.684861,-0.01171875
61460.745861,-0.0234375
61460.796861,-0.01953125
61460.878861,-0.01953125
61460.939861,-0.02734375
61461.000861,-0.015625
61461.052861,-0.01171875
61461.103861,-0.0078125
61461.174861,0.0078125
61461.245861,0.00390625
61461.317861,0.01171875
61461.388861,0.0234375
61461.460861,0.0234375
61461.521861,0.03515625
61461.593861,0.05078125
61461.664861,0.05078125
61461.715861,0.08984375
61461.796861,0.15625
61461.847861,0.19140625
61461.909861,0.21484375
61461.980861,0.1875
61462.062861,0.125
61462.123861,-0.0078125
61462.189861,-0.11328125
61462.243861,-0.14453125
61462.294861,-0.11328125
61462.376861,-0.0703125
61462.437861,-0.03125
61462.508861,0.01953125
61462.580861,0.06640625
61462.631861,0.0546875
61462.722861,0.07421875
61462.796861,0.09375
61462.868861,0.0859375
61462.919861,0.08203125
61463.021861,0.05859375
61463.103861,0.00390625
61463.175861,-0.05859375
61463.228861,-0.10546875
61463.329861,-0.140625
61463.401861,-0.1640625
61463.472861,-0.1796875
61463.543861,-0.1796875
61463.614861,-0.16796875
61463.685861,-0.16015625
61463.767861,-0.140625
61463.819861,-0.12890625
61463.873861,-0.11328125
61463.934861,-0.10546875
61464.006861,-0.1015625
61464.077861,-0.1015625
61464.158861,-0.09765625
61464.230861,-0.09375
61464.301861,-0.078125
61464.362861,-0.078125
61464.417861,-0.078125
61464.479861,-0.0703125
61464.540861,-0.0703125
61464.603861,-0.06640625
61464.664861,-0.07421875
61464.715861,-0.06640625
61464.796861,-0.03125
61464.867861,-0.0234375
61464.919861,-0.015625
61465.000861,-0.01953125
61465.092861,-0.0234375
61465.153861,-0.04296875
61465.214861,-0.046875
61465.337861,-0.04296875
61465.459861,-0.0390625
61465.532861,-0.0390625
61465.593861,-0.02734375
61465.822861,0.0078125
61465.904861,0.015625
61466.040861,-0.0078125
61466.111861,-0.015625
61466.206861,-0.03125
61466.271861,-0.03125
61466.323861,-0.0390625
61466.384861,-0.0234375
61466.465861,-0.01171875
61466.527861,-0.01953125
61466.628861,-0.01171875
61466.700861,-0.015625
61466.786861,-0.015625
61466.858861,-0.0234375
61466.929861,-0.0078125
61467.002861,0
61467.074861,-0.00390625
61467.125861,-0.00390625
61467.186861,-0.015625
61467.288861,-0.0078125
61467.359861,-0.00390625
61467.415861,0.00390625
61467.536861,0.03125
61467.608861,0.1328125
61467.681861,0.19140625
61467.734861,0.078125
61467.835861,-0.125
61467.917861,-0.20703125
61467.968861,-0.0546875
61468.019861,0.03515625
61468.134861,0.171875
61468.207861,0.15625
61468.259861,0.078125
61468.310861,0.01953125
61468.432861,0.02734375
61468.504861,0.07421875
61468.576861,0.11328125
61468.627861,0.078125
61468.708861,0.03515625
61468.811861,0.01953125
61468.884861,0.05078125
61468.957861,0.0546875
61469.039861,0.0234375
61469.110861,0.015625
61469.181861,0.0234375
61469.262861,0.0390625
61469.323861,0.02734375
61469.395861,0.0078125
61469.468861,0
61469.519861,-0.0078125
61469.630861,-0.046875
61469.712861,-0.046875
61469.784861,-0.0078125
61469.865861,0.1171875
61469.920861,0.23828125
61469.991861,0.27734375
61470.062861,0.16796875
61470.113861,0.01953125
61470.184861,-0.078125
61470.296861,-0.125
61470.369861,-0.0625
61470.420861,0.00390625
61470.471861,0.05078125
61470.522861,0.04296875
61470.593861,0.01171875
61470.664861,-0.0859375
61470.725861,-0.109375
61470.837861,-0.0859375
61470.908861,-0.0390625
61470.984861,0
61471.055861,0.0234375
61471.137861,0.0234375
61471.189861,0.02734375
61471.250861,0.03125
61471.335861,0.06640625
61471.406861,0.0703125
61471.467861,0.078125
61471.529861,0.07421875
61471.591861,0.0859375
61471.673861,0.09375
61471.745861,0.0859375
61471.806861,0.09375
61471.878861,0.08984375
61471.960861,0.08203125
61472.031861,0.08203125
61472.113861,0.05859375
61472.185861,0.03515625
61472.262861,0.03125
61472.333861,0.03125
61472.404861,0.02734375
61472.475861,0.02734375
61472.527861,0.0078125
61472.630861,0
61472.711861,-0.015625
61472.783861,-0.01953125
61472.854861,0.015625
61472.925861,0.0390625
61473.001861,0.04296875
61473.074861,0.0390625
61473.136861,0.0234375
61473.238861,0.0078125
61473.310861,-0.00390625
61473.381861,-0.0078125
61473.466861,0
61473.528861,-0.0078125
61473.603861,0.01171875
61473.676861,0.01953125
61473.748861,0.01953125
61473.820861,0
61473.905861,0.0078125
61473.977861,0.01171875
61474.038861,0
61474.120861,0.01171875
61474.201861,0.00390625
61474.273861,0
61474.324861,0.00390625
61474.436861,0.01953125
61474.507861,0.015625
61474.568861,0.03125
61474.619861,0.03125
61474.741861,0.03515625
61474.823861,0.0390625
61474.889861,0.03125
61474.950861,0.03125
61475.032861,0.03515625
61475.124861,0.03515625
61475.176861,0.01171875
61475.247861,0
61475.329861,0.00390625
61475.384861,0.0234375
61475.435861,0.046875
61475.497861,0.078125
61475.568861,0.09375
61475.649861,0.07421875
61475.701861,0.01953125
61475.773861,-0.05859375
61475.844861,-0.19921875
61475.915861,-0.25390625
61475.996861,-0.25
61476.068861,-0.1953125
61476.144861,-0.12890625
61476.195861,-0.08984375
61476.278861,-0.0859375
61476.329861,-0.078125
61476.391861,-0.0859375
61476.452861,-0.09375
61476.534861,-0.09765625
61476.586861,-0.0859375
61476.657861,-0.0859375
61476.728861,-0.0859375
61476.779861,-0.05859375
61476.901861,-0.0234375
61476.972861,0
61477.028861,0.015625
61477.081861,0.02734375
61477.193861,0.02734375
61477.265861,0.01953125
61477.326861,0.01171875
61477.378861,0.015625
61477.480861,0.0078125
61477.551861,0.0078125
61477.613861,0
61477.665861,0
61477.757861,0
61477.839861,-0.00390625
61477.911861,0.0234375
61477.971861,0.03125
61478.084861,0.03125
61478.136861,0.03125
61478.207861,0.02734375
61478.258861,0.00390625
61478.330861,-0.00390625
61478.381861,-0.00390625
61478.462861,-0.01171875
61478.524861,0.0078125
61478.575861,0.01171875
61478.686861,0.0234375
61478.768861,0.01953125
61478.840861,0.0234375
61478.911861,0.03515625
61478.972861,0.03515625
61479.045861,0.03515625
61479.116861,0.03515625
61479.168861,0.03125
61479.280861,0.03515625
61479.362861,0.03125
61479.433861,0.02734375
61479.515861,0.03125
61479.586861,0.01953125
61479.657861,0.015625
61479.729861,0.015625
61479.780861,0.01953125
61479.913861,0.0390625
61479.968861,0.04296875
61480.039861,0.05078125
61480.112861,0.0546875
61480.163861,0.05078125
61480.224861,0.03515625
61480.298861,0.03125
61480.410861,0.015625
61480.483861,0.0078125
61480.549861,0.01171875
61480.610861,0.015625
61480.662861,0.015625
61480.785861,0.0234375
61480.877861,0.03125
61480.929861,0.0234375
61480.980861,0.03515625
61481.092861,0.03125
61481.163861,0.02734375
61481.235861,0.0234375
61481.316861,0.015625
61481.398861,0.015625
61481.460861,0.0078125
61481.511861,0.01171875
61481.582861,0.015625
61481.697861,0.015625
61481.770861,0.01171875
61481.832861,0.01171875
61481.915861,0.0078125
61481.986861,0.02734375
61482.077861,0.02734375
61482.149861,0.01953125
61482.252861,0.0234375
61482.323861,0.04296875
61482.425861,0.125
61482.476861,0.22265625
61482.589861,0.2265625
61482.655861,0.125
61482.717861,0.01953125
61482.778861,-0.07421875
61482.881861,-0.078125
61482.952861,0
61483.034861,0.08984375
61483.095861,0.109375
61483.168861,0.1015625
61483.239861,0.07421875
61483.321861,0.05859375
61483.381861,0.05859375
61483.494861,0.05078125
61483.565861,0.046875
61483.616861,0.046875
61483.678861,0.046875
61483.780861,0.01953125
61483.862861,0.0078125
61483.918861,0.015625
61483.969861,0.01953125
61484.031861,0.0234375
61484.086861,0.03125
61484.167861,0.02734375
61484.239861,0.02734375
61484.310861,0.02734375
61484.381861,0.01171875
61484.473861,0.00390625
61484.585861,0.00390625
61484.686861,0.01953125
61484.747861,0.0234375
61484.808861,0.0078125
61484.859861,0.01171875
61484.931861,0.01171875
61484.982861,0.03125
61485.053861,0.02734375
61485.134861,0.02734375
61485.196861,0.01953125
61485.277861,0.01953125
61485.349861,0.03125
61485.442861,0.03515625
61485.523861,0.0234375
61485.574861,-0.00390625
61485.655861,-0.0234375
61485.726861,0
61485.778861,0.03125
61485.889861,0.0546875
61485.961861,0.0390625
61486.033861,0.01953125
61486.110861,0
61486.191861,-0.00390625
61486.262861,0
61486.334861,0.046875
61486.395861,0.05859375
61486.467861,0.04296875
61486.528861,0.03125
61486.630861,0.02734375
61486.681861,0.02734375
61486.794861,0.01953125
61486.875861,0
61486.937861,0.01953125
61487.023861,0.02734375
61487.094861,0.03515625
61487.165861,0.03515625
61487.227861,0.04296875
61487.278861,0.046875
61487.380861,0.0390625
61487.452861,0.02734375
61487.513861,0.02734375
61487.585861,0.0234375
61487.687861,0.04296875
61487.895861,0.0703125
61487.950861,0.02734375
61488.022861,0.03125
61488.093861,0.03125
61488.154861,0.02734375
61488.225861,0.06640625
61488.297861,0.078125
61488.373861,0.0546875
61488.454861,0.0390625
61488.536861,0.00390625
61488.587861,0.01171875
61488.649861,0.01953125
61488.730861,0.01171875
61488.783861,0.00390625
61488.885861,-0.0078125
61488.957861,0.01953125
61489.028861,0.03125
61489.079861,0.0546875
61489.141861,0.05859375
61489.191861,0.06640625
61489.273861,0.04296875
61489.344861,0.01953125
61489.405861,0.0078125
61489.476861,0.01171875
61489.548861,0.04296875
61489.629861,0.05859375
61489.681861,0.0703125
61489.773861,0.05078125
61489.849861,0.04296875
61489.921861,0.01953125
61489.972861,0.0078125
61490.053861,0.015625
61490.134861,0.05078125
61490.206861,0.05078125
61490.258861,0.01953125
61490.339861,-0.0625
61490.390861,-0.14453125
61490.462861,-0.19140625
61490.533861,-0.22265625
61490.614861,-0.234375
61490.686861,-0.23828125
61490.767861,-0.21875
61490.829861,-0.203125
61490.882861,-0.1953125
61490.963861,-0.20703125
61491.034861,-0.375
61491.106861,-0.51953125
61491.157861,-0.6796875
61491.228861,-0.78515625
61491.280861,-0.82421875
61491.330861,-0.87109375
61491.385861,-0.89453125
61491.436861,-0.94921875
61491.487861,-0.98046875
61491.538861,-1.0078125
61491.599861,-1.00390625
61491.670861,-1.04296875
61491.721861,-1.01953125
61491.772861,-1.04296875
61491.853861,-1.03125
61491.915861,-0.984375
61491.965861,-0.9453125
61492.021861,-0.953125
61492.076861,-0.890625
61492.136861,-0.8828125
61492.187861,-0.84765625
61492.238861,-0.8203125
61492.299861,-0.78515625
61492.360861,-0.78515625
61492.431861,-0.734375
61492.482861,-0.703125
61492.533861,-0.70703125
61492.584861,-0.68359375
61492.635861,-0.64453125
61492.696861,-0.640625
61492.747861,-0.62890625
61492.798861,-0.5859375
61492.859861,-0.56640625
61492.910861,-0.546875
61492.961861,-0.49609375
61493.032861,-0.48828125
61493.083861,-0.4453125
61493.135861,-0.41015625
61493.186861,-0.38671875
61493.238861,-0.37109375
61493.421861,-0.359375
61493.472861,-0.296875
61493.524861,-0.2890625
61493.575861,-0.27734375
61493.636861,-0.265625
61493.687861,-0.24609375
61493.738861,-0.23828125
61493.790861,-0.234375
61493.841861,-0.2421875
61493.892861,-0.2265625
61493.943861,-0.2265625
61493.994861,-0.20703125
61494.055861,-0.1953125
61494.117861,-0.19140625
61494.167861,-0.16796875
61494.228861,-0.171875
61494.279861,-0.1640625
61494.333861,-0.16015625
61494.386861,-0.14453125
61494.458861,-0.15234375
61494.529861,-0.14453125
61494.580861,-0.15234375
61494.631861,-0.14453125
61494.683861,-0.13671875
61494.734861,-0.12109375
61494.799861,-0.12890625
61494.851861,-0.12890625
61494.912861,-0.125
61494.973861,-0.1171875
61495.024861,-0.125
61495.075861,-0.1171875
61495.146861,-0.12109375
61495.208861,-0.1171875
61495.270861,-0.109375
61495.321861,-0.11328125
61495.382861,-0.10546875
61495.433861,-0.09765625
61495.487861,-0.1015625
61495.559861,-0.1015625
61495.620861,-0.1015625
61495.691861,-0.08984375
61495.742861,-0.09375
61495.814861,-0.08203125
61495.865861,-0.078125
61495.916861,-0.07421875
61495.967861,-0.06640625
61496.018861,-0.0703125
61496.079861,-0.05859375
61496.140861,-0.05078125
61496.191861,-0.05078125
61496.242861,-0.0546875
61496.303861,-0.04296875
61496.353861,-0.04296875
61496.404861,-0.04296875
61496.455861,-0.03125
61496.507861,-0.0390625
61496.558861,-0.03125
61496.619861,-0.0390625
61496.671861,-0.02734375
61496.724861,-0.03125
61496.775861,-0.0234375
61496.836861,-0.01953125
61496.887861,-0.01953125
61496.938861,-0.015625
61497.009861,-0.01953125
61497.064861,-0.015625
61497.115861,-0.015625
61497.166861,-0.01171875
61497.217861,-0.0078125
61497.269861,0
61497.320861,0
61497.372861,0.0078125
61497.423861,0
61497.474861,0.01171875
61497.535861,0.0078125
61497.606861,0.01171875
61497.657861,0.01953125
61497.708861,0.015625
61497.764861,0.01953125
61497.814861,0.015625
61497.870861,0.01953125
61497.920861,0.01171875
61497.971861,0.01171875
61498.023861,0.0078125
61498.074861,0.01171875
61498.126861,0
61498.207861,0.015625
61498.258861,0.03515625
61498.314861,0.046875
61498.375861,0.07421875
61498.426861,0.078125
61498.508861,0.1015625
61498.569861,0.1015625
61498.620861,0.08984375
61498.672861,0.08203125
61498.733861,0.0546875
61498.805861,0.02734375
61498.856861,0.0078125
61498.906861,-0.01171875
61498.957861,-0.015625
61499.008861,-0.0390625
61499.062861,-0.046875
61499.114861,-0.0546875
61499.165861,-0.046875
61499.216861,-0.05078125
61499.267861,-0.046875
61499.328861,-0.04296875
61499.420861,-0.02734375
61499.476861,-0.01171875
61499.528861,-0.015625
61499.578861,-0.015625
61499.630861,-0.0078125
61499.711861,-0.00390625
61499.762861,0.00390625
61499.814861,0
61499.874861,0.0078125
61499.925861,0.0078125
61500.007861,0.01171875
61500.058861,0.015625
61500.119861,0.015625
61500.170861,0.015625
61500.221861,0.01171875
61500.312861,0.0078125
61500.364861,0.015625
61500.417861,0.01171875
61500.471861,0.01171875
61500.523861,0.01171875
61500.624861,0.015625
61500.675861,0.01953125
61500.726861,0.015625
61500.777861,0.015625
61500.839861,0.0078125
61500.910861,0
61500.961861,0
61501.012861,-0.00390625
61501.063861,-0.0078125
61501.115861,-0.015625
61501.166861,-0.0078125
61501.217861,-0.01171875
61501.268861,-0.0078125
61501.321861,-0.015625
61501.373861,-0.00390625
61501.424861,-0.015625
61501.515861,-0.015625
61501.566861,-0.01953125
61501.618861,-0.01953125
61501.671861,-0.01953125
61501.722861,-0.0390625
61501.774861,-0.02734375
61501.825861,-0.03125
61501.876861,-0.03125
61501.927861,-0.0390625
61501.978861,-0.0234375
61502.029861,-0.02734375
61502.110861,-0.01953125
61502.161861,-0.0078125
61502.232861,0
61502.284861,-0.00390625
61502.338861,0
61502.419861,-0.0078125
61502.471861,-0.00390625
61502.522861,-0.01171875
61502.573861,0
61502.624861,0
61502.706861,0.00390625
61502.757861,0.0078125
61502.808861,0.01171875
61502.860861,0.015625
61502.911861,0.01171875
61502.962861,0.0234375
61503.013861,0.01953125
61503.064861,0.02734375
61503.119861,0.03515625
61503.190861,0.03515625
61503.251861,0.03125
61503.303861,0.03515625
61503.355861,0.03125
61503.406861,0.03515625
61503.467861,0.03515625
61503.519861,0.03515625
61503.570861,0.0390625
61503.621861,0.03515625
61503.673861,0.04296875
61503.728861,0.03515625
61503.779861,0.046875
61503.830861,0.0390625
61503.901861,0.0546875
61503.954861,0.0546875
61504.005861,0.05859375
61504.056861,0.05859375
61504.107861,0.05078125
61504.158861,0.0546875
61504.209861,0.05078125
61504.260861,0.046875
61504.311861,0.04296875
61504.362861,0.04296875
61504.414861,0.02734375
61504.465861,0.03125
61504.556861,0.0234375
61504.608861,0.01953125
61504.659861,0.02734375
61504.710861,0.0234375
61504.764861,0.01953125
61504.815861,0.015625
61504.866861,0.02734375
61504.938861,0.02734375
61504.989861,0.0234375
61505.040861,0.0234375
61505.111861,0.0234375
61505.173861,0.0390625
61505.225861,0.0390625
61505.276861,0.0546875
61505.327861,0.0546875
61505.408861,0.07421875
61505.469861,0.078125
61505.530861,0.078125
61505.592861,0.0859375
61505.643861,0.078125
61505.704861,0.0703125
61505.755861,0.05859375
61505.806861,0.04296875
61505.857861,0.01953125
61505.908861,0
61505.958861,0
61506.009861,-0.01171875
61506.060861,-0.01953125
61506.111861,-0.0234375
61506.162861,-0.0234375
61506.213861,-0.03125
61506.264861,-0.01953125
61506.316861,-0.01953125
61506.367861,-0.0078125
61506.418861,-0.00390625
61506.469861,0.0078125
61506.520861,0.00390625
61506.601861,0.0234375
61506.656861,0.01953125
61506.727861,0.0234375
61506.779861,0.03515625
61506.829861,0.02734375
61506.901861,0.03125
61506.952861,0.0390625
61507.005861,0.03515625
61507.077861,0.0390625
61507.128861,0.03125
61507.209861,0.04296875
61507.261861,0.04296875
61507.324861,0.0390625
61507.376861,0.046875
61507.427861,0.04296875
61507.507861,0.04296875
61507.558861,0.0546875
61507.610861,0.046875
61507.664861,0.046875
61507.716861,0.04296875
61507.766861,0.04296875
61507.818861,0.0390625
61507.869861,0.0390625
61507.920861,0.02734375
61507.970861,0.02734375
61508.022861,0.01953125
61508.113861,0.01953125
61508.164861,0.0234375
61508.215861,0.02734375
61508.266861,0.0234375
61508.321861,0.015625
61508.418861,0.00390625
61508.469861,0
61508.520861,-0.00390625
61508.572861,0
61508.622861,-0.0078125
61508.705861,0.0078125
61508.766861,0.015625
61508.817861,0.0234375
61508.869861,0.04296875
61508.920861,0.04296875
61508.981861,0.0703125
61509.032861,0.078125
61509.083861,0.07421875
61509.133861,0.08984375
61509.184861,0.078125
61509.231861,0.0703125
61509.306861,0.05078125
61509.357861,0.0390625
61509.409861,0.02734375
61509.470861,0.01953125
61509.520861,-0.00390625
61509.606861,-0.00390625
61509.658861,-0.01171875
61509.709861,-0.01953125
61509.760861,-0.01953125
61509.811861,-0.015625
61509.862861,-0.01953125
61509.913861,-0.01171875
61509.964861,0
61510.015861,-0.00390625
61510.066861,0.01171875
61510.117861,0.01171875
61510.168861,0.01953125
61510.219861,0.01953125
61510.270861,0.03125
61510.321861,0.015625
61510.372861,0.02734375
61510.423861,0.02734375
61510.504861,0.03125
61510.565861,0.03125
61510.616861,0.0234375
61510.667861,0.01953125
61510.718861,0.01171875
61510.769861,0.015625
61510.820861,0.00390625
61510.871861,0.0078125
61510.921861,0.01171875
61510.972861,0.0078125
61511.024861,-0.00390625
61511.105861,0
61511.156861,0
61511.207861,0
61511.258861,0.00390625
61511.309861,0.00390625
61511.360861,0.0078125
61511.421861,0.0078125
61511.474861,0.0078125
61511.525861,0.0078125
61511.576861,0.015625
61511.627861,0.0078125
61511.698861,0.01171875
61511.751861,0.015625
61511.801861,0.01171875
61511.853861,0.015625
61511.903861,0.01953125
61511.954861,0.01953125
61512.005861,0.015625
61512.057861,0.0078125
61512.107861,-0.00390625
61512.158861,-0.0078125
61512.209861,-0.015625
61512.260861,-0.01953125
61512.311861,-0.03125
61512.364861,-0.03125
61512.415861,-0.05078125
61512.469861,-0.0390625
61512.522861,-0.0390625
61512.594861,-0.0390625
61512.645861,-0.03125
61512.696861,-0.0234375
61512.747861,-0.01953125
61512.798861,-0.0078125
61512.849861,0
61512.910861,0
61512.961861,0.01171875
61513.012861,0.01171875
61513.073861,0.0078125
61513.134861,0.00390625
61513.205861,0.00390625
61513.257861,-0.00390625
61513.308861,-0.00390625
61513.360861,-0.00390625
61513.421861,-0.0078125
61513.502861,-0.00390625
61513.553861,0
61513.604861,-0.00390625
61513.656861,0
61513.707861,-0.01171875
61513.768861,-0.00390625
61513.819861,-0.0078125
61513.872861,-0.0078125
61513.923861,-0.0078125
61513.974861,0
61514.025861,-0.01171875
61514.107861,-0.0078125
61514.158861,-0.00390625
61514.210861,-0.0078125
61514.264861,0
61514.316861,0.00390625
61514.407861,0.0078125
61514.457861,0.01171875
61514.509861,0.00390625
61514.559861,0.0078125
61514.611861,0.00390625
61514.671861,0.00390625
61514.733861,0.0078125
61514.794861,0.01953125
61514.845861,0.0078125
61514.906861,0.01171875
61514.958861,0.015625
61515.009861,0.00390625
61515.060861,0.00390625
61515.110861,-0.00390625
61515.162861,0
61515.213861,0
61515.274861,0
61515.325861,-0.0078125
61515.387861,-0.0078125
61515.438861,0.015625
61515.489861,0.015625
61515.540861,0.00390625
61515.611861,0.0078125
61515.662861,0.01171875
61515.713861,0.0078125
61515.774861,0.0078125
61515.825861,-0.00390625
61515.906861,-0.0078125
61515.957861,-0.01171875
61516.049861,-0.01171875
61516.100861,-0.015625
61516.152861,-0.0078125
61516.203861,0.00390625
61516.254861,0
61516.309861,0
61516.360861,0.0078125
61516.441861,0
61516.502861,0.00390625
61516.554861,0.00390625
61516.605861,0.00390625
61516.657861,0.00390625
61516.708861,0.00390625
61516.758861,0.00390625
61516.809861,0
61516.860861,-0.00390625
61516.911861,-0.015625
61516.962861,-0.015625
61517.105861,-0.04296875
61517.190861,-0.02734375
61517.261861,-0.03125
61517.313861,-0.02734375
61517.364861,-0.03125
61517.415861,-0.03125
61517.466861,-0.0234375
61517.517861,-0.02734375
61517.568861,-0.01953125
61517.649861,-0.0078125
61517.705861,-0.015625
61517.756861,0
61517.817861,0.0078125
61517.879861,0.0078125
61517.945861,0.00390625
61517.997861,0.00390625
61518.059861,0
61518.111861,0.0078125
61518.162861,0.01171875
61518.244861,0.00390625
61518.295861,0.015625
61518.346861,0.0078125
61518.397861,0.01171875
61518.450861,0.0078125
61518.501861,0.01171875
61518.552861,0.015625
61518.604861,0.015625
61518.655861,0.01171875
61518.706861,0.015625
61518.757861,0.03125
61518.838861,0.02734375
61518.899861,0.0390625
61518.950861,0.03515625
61519.002861,0.0234375
61519.052861,0.0234375
61519.104861,0.0234375
61519.155861,0.01171875
61519.206861,0.01171875
61519.257861,0.01171875
61519.309861,0.0078125
61519.359861,0.0078125
61519.452861,0
61519.503861,0
61519.564861,0.00390625
61519.615861,0
61519.676861,0
61519.748861,0
61519.799861,0
61519.850861,0
61519.902861,0.00390625
61519.953861,0.0078125
61520.004861,0.0078125
61520.055861,0.015625
61520.106861,0.01171875
61520.157861,0.01171875
61520.208861,0.01171875
61520.259861,0
61520.340861,-0.00390625
61520.454861,0
61520.506861,0.00390625
61520.557861,0.0078125
61520.648861,0.01953125
61520.699861,0.0234375
61520.750861,0.0234375
61520.801861,0.01953125
61520.852861,0.02734375
61520.903861,0.01953125
61520.954861,0.02734375
61521.055861,0.0234375
61521.116861,0.02734375
61521.168861,0.03125
61521.250861,0.0234375
61521.301861,0.01953125
61521.353861,0.01953125
61521.404861,0.01171875
61521.455861,0.01171875
61521.557861,0.0078125
61521.639861,0.01171875
61521.691861,0
61521.742861,-0.00390625
61521.793861,0
61521.865861,-0.00390625
61521.916861,0
61521.967861,0.0078125
61522.029861,0
61522.080861,-0.00390625
61522.141861,0.00390625
61522.202861,0.0078125
61522.266861,0.015625
61522.317861,0.015625
61522.368861,0.015625
61522.460861,0.015625
61522.511861,0.0078125
61522.562861,0.01171875
61522.613861,0.01171875
61522.664861,0.0078125
61522.746861,0.00390625
61522.796861,0.00390625
61522.858861,0.0078125
61522.919861,0.0078125
61522.990861,-0.00390625
61523.051861,0
61523.102861,0
61523.154861,-0.00390625
61523.207861,-0.00390625
61523.258861,0
61523.340861,-0.00390625
61523.391861,0.0078125
61523.442861,-0.0078125
61523.494861,-0.00390625
61523.555861,-0.00390625
61523.607861,-0.015625
61523.668861,-0.0234375
61523.719861,-0.0234375
61523.770861,-0.02734375
61523.821861,-0.0390625
61523.872861,-0.02734375
61523.944861,-0.04296875
61523.999861,-0.0390625
61524.050861,-0.03125
61524.111861,-0.02734375
61524.172861,-0.0234375
61524.229861,-0.02734375
61524.280861,-0.0390625
61524.332861,-0.03125
61524.393861,-0.0234375
61524.454861,-0.0390625
61524.509861,-0.02734375
61524.580861,-0.02734375
61524.631861,-0.03125
61524.682861,-0.02734375
61524.743861,-0.01953125
61524.794861,-0.0234375
61524.885861,-0.0390625
61524.948861,-0.01171875
61525.001861,-0.0078125
61525.052861,-0.0078125
61525.104861,0
61525.185861,0.01171875
61525.236861,0.01171875
61525.288861,0.01171875
61525.339861,0.00390625
61525.391861,0.00390625
61525.442861,-0.0078125
61525.503861,-0.00390625
61525.564861,-0.015625
61525.616861,-0.01953125
61525.666861,-0.015625
61525.727861,-0.0234375
61525.778861,-0.01171875
61525.840861,-0.015625
61525.891861,-0.01953125
61525.943861,-0.01953125
61525.994861,-0.015625
